患者ID,患者名,生年月日,年齢,性別,郵便番号,住所,診断名,居宅介護支援事業所,寝たきり度,認知度,介護認定,日常生活や介護サービスを利用する上での留意点,定期訪問①（著変なし）,定期訪問①（変更あり）,定期訪問②（著変なし）,定期訪問②（変更あり）,
"000075","テスト 一郎","昭和60年07月18日","40歳","男性","064-0954","北海道札幌市中央区宮の森4条3丁目2-14","＃１　アルツハイマー型認知症
＃２　慢性心不全
＃３　高血圧症
＃４　脂質代謝異常症
＃５　右大腿骨頚部骨折、骨粗鬆症　","居宅療養管理指導なし","A2","Ⅱb","要介護2","患者様の病状や介護上の注意点などを把握し、必要に応じて事業所間で連携を取りながら診療を進めていきます。","おおむね内科的には安定しておりましたので、引き続き加療させて頂きます。","血圧高値にて、アムロジピンを増量しております。
","おおむね内科的には安定しておりましたので、引き続き加療させて頂きます。"," ",
"000599","テスト 花子","昭和16年04月01日","84歳","女性","062-0901","北海道札幌市豊平区豊平一条８丁目２－１　うるおいの家豊平２２０号","#1　パーキンソン病（HY4）
#2　骨粗鬆症
#3　右仙骨骨折、右L5横突起骨折
#4　右耳腫瘤（多形腺腫疑いであり保存治療例のため希望あれば受診検討する）","居宅療養管理指導なし","B2","Ⅲa","要介護3","患者様の病状や介護上の注意点などを把握し、必要に応じて事業所間で連携を取りながら診療を進めていきます。","おおむね内科的には安定しておりましたので、引き続き加療させて頂きます。"," ","おおむね内科的には安定しておりましたので、引き続き加療させて頂きます。"," ",
"000685","テスト 太郎","昭和29年07月01日","71歳","男性","","","#1　脳出血（右前頭葉～側頭葉＠札幌秀友会病院）
#2　高血圧症
#3　神経因性膀胱
#4　認知症
#5　便秘症
#6　AR、PR（軽症のため経過観察中＠みき内科クリニック）","居宅療養管理指導なし","A2","Ⅱa","要介護1","患者様の病状や介護上の注意点などを把握し、必要に応じて事業所間で連携を取りながら診療を進めていきます。","おおむね内科的には安定しておりましたので、引き続き加療させて頂きます。","熱発していた為、採血採尿施行し、UTIを認めましたので抗生剤加療開始しております。","おおむね内科的には安定しておりましたので、引き続き加療させて頂きます。","UTIについては抗生剤加療にて改善。以後、熱発なく経過しております。",
"000716","テスト 花枝","昭和8年11月20日","91歳","女性","","","#1　パーキンソン病（HY5＠北海道済生会小樽病院）
#2　レビー小体型認知症
#3　右上肺野肺癌（stage：1でありBSCとなっている＠小樽市立病院）","居宅療養管理指導なし","B2","Ⅲb","要介護4","患者様の病状や介護上の注意点などを把握し、必要に応じて事業所間で連携を取りながら診療を進めていきます。","おおむね内科的には安定しておりましたので、引き続き加療させて頂きます。"," ","おおむね内科的には安定しておりましたので、引き続き加療させて頂きます。","硬便の訴えがありましたので、マグミットを開始しております。",
"000943","テスト 患者","平成3年11月07日","33歳","女性","","","#1　血管性認知症
#2　正常圧水頭症の疑い
#3　胸部大動脈瘤
#4　脳梗塞（2023/3）
#5　右上腕骨近位骨折（2023/2）","居宅療養管理指導なし","B2","Ⅲb","要介護4","患者様の病状や介護上の注意点などを把握し、必要に応じて事業所間で連携を取りながら診療を進めていきます。","おおむね内科的には安定しておりましたので、引き続き加療させて頂きます。"," ","おおむね内科的には安定しておりましたので、引き続き加療させて頂きます。"," ",
